{"train/loss": 2.3146, "train/grad_norm": 1.0335290431976318, "train/learning_rate": 0.0, "train/epoch": 3.9993789784195, "train/global_step": 12880, "_timestamp": 1720853321.5199454, "_runtime": 61097.24114346504, "_step": 12880, "train_runtime": 61098.5155, "train_samples_per_second": 13.494, "train_steps_per_second": 0.211, "total_flos": 4.442917014521856e+16, "train_loss": 2.7621363673243464, "_wandb": {"runtime": 61098}}