{"train/loss": 3.5195, "train/grad_norm": 1.5797903537750244, "train/learning_rate": 0.0, "train/epoch": 3.9993789784195, "train/global_step": 12880, "_timestamp": 1720895741.1308692, "_runtime": 39211.50991606712, "_step": 12880, "train_runtime": 39212.8375, "train_samples_per_second": 21.025, "train_steps_per_second": 0.328, "total_flos": 1.206114959167488e+16, "train_loss": 4.04386547979731, "_wandb": {"runtime": 39211}}