{"train/loss": 2.5631, "train/grad_norm": 0.7950041890144348, "train/learning_rate": 0.0, "train/epoch": 3.9993789784195, "train/global_step": 6440, "_timestamp": 1720929322.5360892, "_runtime": 70611.86602425575, "_step": 6440, "train_runtime": 70613.1629, "train_samples_per_second": 11.676, "train_steps_per_second": 0.091, "total_flos": 5.511916860862464e+16, "train_loss": 3.0721019853346094, "_wandb": {"runtime": 70612}}